sample_name,exp_component_name,platform_label,cluster_color,cluster_order,cluster_label,class_color,class_order,class_label,subclass_color,subclass_order,subclass_label,full_genotype_color,full_genotype_id,full_genotype_label,sex_color,sex_id,donor_sex_label,region_color,region_id,region_label,cell_type_accession_color,cell_type_accession_id,cell_type_accession_label,cell_type_alias_color,cell_type_alias_id,cell_type_alias_label,cell_type_alt_alias_color,cell_type_alt_alias_id,cell_type_alt_alias_label,cell_type_designation_color,cell_type_designation_id,cell_type_designation_label,neighborhood_label,neighborhood_id,neighborhood_color,external_donor_name_color,external_donor_name_id,external_donor_name_label,facs_population_plan_color,facs_population_plan_id,facs_population_plan_label,injection_materials_color,injection_materials_id,injection_materials_label,injection_method_color,injection_method_id,injection_method_label,injection_roi_color,injection_roi_id,injection_roi_label,injection_type_color,injection_type_id,injection_type_label,cortical_layer_label,outlier_call,outlier_type
AAACCTGAGAAACGCC-L8TX_180221_01_F09,AAACCTGAGAAACGCC-1L8TX_180221_01_F09,10x,#02F970,183.0,183_L2/3 IT CTX,#00ADEE,2.0,Glutamatergic,#0BE652,15.0,L2/3 IT CTX-1,#EB73FF,73,Snap25-IRES2-Cre/wt;Ai14(RCL-tdT)/wt,#3DCCCC,2,M,#FFDE17,19,ACA,#02F970,183.0,CS1910300183,#02F970,183.0,183_L2/3 IT CTX,#02F970,183.0,,#02F970,183.0,Neuron183,L2_3_IT,3.0,#2EBF5E,#BE73FF,445,371230,#4C2E99,6,RFP-positive,#FF7373,1,,#FF7373,1,,#FF7373,1,,#FF7373,1,,All,False,
AAACCTGAGAAGGTTT-L8TX_180221_01_F09,AAACCTGAGAAGGTTT-1L8TX_180221_01_F09,10x,#02F970,183.0,183_L2/3 IT CTX,#00ADEE,2.0,Glutamatergic,#0BE652,15.0,L2/3 IT CTX-1,#EB73FF,73,Snap25-IRES2-Cre/wt;Ai14(RCL-tdT)/wt,#3DCCCC,2,M,#FFDE17,19,ACA,#02F970,183.0,CS1910300183,#02F970,183.0,183_L2/3 IT CTX,#02F970,183.0,,#02F970,183.0,Neuron183,L2_3_IT,3.0,#2EBF5E,#BE73FF,445,371230,#4C2E99,6,RFP-positive,#FF7373,1,,#FF7373,1,,#FF7373,1,,#FF7373,1,,All,False,
AAACCTGAGAGTAATC-L8TX_180221_01_F09,AAACCTGAGAGTAATC-1L8TX_180221_01_F09,10x,#09CCC6,197.0,197_L4/5 IT CTX,#00ADEE,2.0,Glutamatergic,#00E5E5,17.0,L4/5 IT CTX,#EB73FF,73,Snap25-IRES2-Cre/wt;Ai14(RCL-tdT)/wt,#3DCCCC,2,M,#FFDE17,19,ACA,#09CCC6,197.0,CS1910300197,#09CCC6,197.0,197_L4/5 IT CTX,#09CCC6,197.0,,#09CCC6,197.0,Neuron197,L4_5_6_IT_Car3,4.0,#58D2CF,#BE73FF,445,371230,#4C2E99,6,RFP-positive,#FF7373,1,,#FF7373,1,,#FF7373,1,,#FF7373,1,,All,False,
AAACCTGAGCCTTGAT-L8TX_180221_01_F09,AAACCTGAGCCTTGAT-1L8TX_180221_01_F09,10x,#2E8CCB,327.0,327_L6 CT CTX,#00ADEE,2.0,Glutamatergic,#2D8CB8,33.0,L6 CT CTX,#EB73FF,73,Snap25-IRES2-Cre/wt;Ai14(RCL-tdT)/wt,#3DCCCC,2,M,#FFDE17,19,ACA,#2E8CCB,327.0,CS1910300327,#2E8CCB,327.0,327_L6 CT CTX,#2E8CCB,327.0,,#2E8CCB,327.0,Neuron327,NP_L6CT_L6b,7.0,#5959AD,#BE73FF,445,371230,#4C2E99,6,RFP-positive,#FF7373,1,,#FF7373,1,,#FF7373,1,,#FF7373,1,,All,False,
AAACCTGAGTGGTAAT-L8TX_180221_01_F09,AAACCTGAGTGGTAAT-1L8TX_180221_01_F09,10x,#45BE72,304.0,304_L5 NP CTX,#00ADEE,2.0,Glutamatergic,#3E9E64,30.0,L5 NP CTX,#EB73FF,73,Snap25-IRES2-Cre/wt;Ai14(RCL-tdT)/wt,#3DCCCC,2,M,#FFDE17,19,ACA,#45BE72,304.0,CS1910300304,#45BE72,304.0,304_L5 NP CTX,#45BE72,304.0,,#45BE72,304.0,Neuron304,NP_L6CT_L6b,7.0,#5959AD,#BE73FF,445,371230,#4C2E99,6,RFP-positive,#FF7373,1,,#FF7373,1,,#FF7373,1,,#FF7373,1,,All,False,
AAACCTGCAAGCTGTT-L8TX_180221_01_F09,AAACCTGCAAGCTGTT-1L8TX_180221_01_F09,10x,#B1EC30,186.0,186_L2 IT RSP-ACA,#00ADEE,2.0,Glutamatergic,#B1EC30,16.0,L2/3 IT CTX-2,#EB73FF,73,Snap25-IRES2-Cre/wt;Ai14(RCL-tdT)/wt,#3DCCCC,2,M,#FFDE17,19,ACA,#B1EC30,186.0,CS1910300186,#B1EC30,186.0,186_L2 IT RSP-ACA,#B1EC30,186.0,,#B1EC30,186.0,Neuron186,L2_3_IT,3.0,#2EBF5E,#BE73FF,445,371230,#4C2E99,6,RFP-positive,#FF7373,1,,#FF7373,1,,#FF7373,1,,#FF7373,1,,All,False,
AAACCTGCACAGGAGT-L8TX_180221_01_F09,AAACCTGCACAGGAGT-1L8TX_180221_01_F09,10x,#09CCC6,197.0,197_L4/5 IT CTX,#00ADEE,2.0,Glutamatergic,#00E5E5,17.0,L4/5 IT CTX,#EB73FF,73,Snap25-IRES2-Cre/wt;Ai14(RCL-tdT)/wt,#3DCCCC,2,M,#FFDE17,19,ACA,#09CCC6,197.0,CS1910300197,#09CCC6,197.0,197_L4/5 IT CTX,#09CCC6,197.0,,#09CCC6,197.0,Neuron197,L4_5_6_IT_Car3,4.0,#58D2CF,#BE73FF,445,371230,#4C2E99,6,RFP-positive,#FF7373,1,,#FF7373,1,,#FF7373,1,,#FF7373,1,,All,False,
AAACCTGCACGTCTCT-L8TX_180221_01_F09,AAACCTGCACGTCTCT-1L8TX_180221_01_F09,10x,#935F50,3.0,3_Lamp5 Lhx6,#F05A28,1.0,GABAergic,#DA808C,3.0,Lamp5,#EB73FF,73,Snap25-IRES2-Cre/wt;Ai14(RCL-tdT)/wt,#3DCCCC,2,M,#FFDE17,19,ACA,#935F50,3.0,CS1910300003,#935F50,3.0,3_Lamp5 Lhx6,#935F50,3.0,,#935F50,3.0,Neuron3,CGE,1.0,#CC93C2,#BE73FF,445,371230,#4C2E99,6,RFP-positive,#FF7373,1,,#FF7373,1,,#FF7373,1,,#FF7373,1,,All,False,
AAACCTGCACTTAACG-L8TX_180221_01_F09,AAACCTGCACTTAACG-1L8TX_180221_01_F09,10x,#02F970,183.0,183_L2/3 IT CTX,#00ADEE,2.0,Glutamatergic,#0BE652,15.0,L2/3 IT CTX-1,#EB73FF,73,Snap25-IRES2-Cre/wt;Ai14(RCL-tdT)/wt,#3DCCCC,2,M,#FFDE17,19,ACA,#02F970,183.0,CS1910300183,#02F970,183.0,183_L2/3 IT CTX,#02F970,183.0,,#02F970,183.0,Neuron183,L2_3_IT,3.0,#2EBF5E,#BE73FF,445,371230,#4C2E99,6,RFP-positive,#FF7373,1,,#FF7373,1,,#FF7373,1,,#FF7373,1,,All,False,
AAACCTGGTTGTCGCG-L8TX_180221_01_F09,AAACCTGGTTGTCGCG-1L8TX_180221_01_F09,10x,#2EB934,182.0,182_L2/3 IT CTX,#00ADEE,2.0,Glutamatergic,#0BE652,15.0,L2/3 IT CTX-1,#EB73FF,73,Snap25-IRES2-Cre/wt;Ai14(RCL-tdT)/wt,#3DCCCC,2,M,#FFDE17,19,ACA,#2EB934,182.0,CS1910300182,#2EB934,182.0,182_L2/3 IT CTX,#2EB934,182.0,,#2EB934,182.0,Neuron182,L2_3_IT,3.0,#2EBF5E,#BE73FF,445,371230,#4C2E99,6,RFP-positive,#FF7373,1,,#FF7373,1,,#FF7373,1,,#FF7373,1,,All,False,
AAACCTGGTTTCGCTC-L8TX_180221_01_F09,AAACCTGGTTTCGCTC-1L8TX_180221_01_F09,10x,#2E8CCB,327.0,327_L6 CT CTX,#00ADEE,2.0,Glutamatergic,#2D8CB8,33.0,L6 CT CTX,#EB73FF,73,Snap25-IRES2-Cre/wt;Ai14(RCL-tdT)/wt,#3DCCCC,2,M,#FFDE17,19,ACA,#2E8CCB,327.0,CS1910300327,#2E8CCB,327.0,327_L6 CT CTX,#2E8CCB,327.0,,#2E8CCB,327.0,Neuron327,NP_L6CT_L6b,7.0,#5959AD,#BE73FF,445,371230,#4C2E99,6,RFP-positive,#FF7373,1,,#FF7373,1,,#FF7373,1,,#FF7373,1,,All,False,
AAACCTGTCCGAACGC-L8TX_180221_01_F09,AAACCTGTCCGAACGC-1L8TX_180221_01_F09,10x,#A8E05A,216.0,216_L5/6 IT CTX,#00ADEE,2.0,Glutamatergic,#A19922,20.0,L6 IT CTX,#EB73FF,73,Snap25-IRES2-Cre/wt;Ai14(RCL-tdT)/wt,#3DCCCC,2,M,#FFDE17,19,ACA,#A8E05A,216.0,CS1910300216,#A8E05A,216.0,216_L5/6 IT CTX,#A8E05A,216.0,,#A8E05A,216.0,Neuron216,L4_5_6_IT_Car3,4.0,#58D2CF,#BE73FF,445,371230,#4C2E99,6,RFP-positive,#FF7373,1,,#FF7373,1,,#FF7373,1,,#FF7373,1,,All,False,
AAACCTGTCCTCTAGC-L8TX_180221_01_F09,AAACCTGTCCTCTAGC-1L8TX_180221_01_F09,10x,#9B8422,219.0,219_L6 IT CTX,#00ADEE,2.0,Glutamatergic,#A19922,20.0,L6 IT CTX,#EB73FF,73,Snap25-IRES2-Cre/wt;Ai14(RCL-tdT)/wt,#3DCCCC,2,M,#FFDE17,19,ACA,#9B8422,219.0,CS1910300219,#9B8422,219.0,219_L6 IT CTX,#9B8422,219.0,,#9B8422,219.0,Neuron219,L4_5_6_IT_Car3,4.0,#58D2CF,#BE73FF,445,371230,#4C2E99,6,RFP-positive,#FF7373,1,,#FF7373,1,,#FF7373,1,,#FF7373,1,,All,False,
AAACGGGAGACTTTCG-L8TX_180221_01_F09,AAACGGGAGACTTTCG-1L8TX_180221_01_F09,10x,#A66D0D,73.0,73_Sst,#F05A28,1.0,GABAergic,#FF9900,7.0,Sst,#EB73FF,73,Snap25-IRES2-Cre/wt;Ai14(RCL-tdT)/wt,#3DCCCC,2,M,#FFDE17,19,ACA,#A66D0D,73.0,CS1910300073,#A66D0D,73.0,73_Sst,#A66D0D,73.0,,#A66D0D,73.0,Neuron73,MGE,2.0,#ED892E,#BE73FF,445,371230,#4C2E99,6,RFP-positive,#FF7373,1,,#FF7373,1,,#FF7373,1,,#FF7373,1,,All,False,
AAACGGGAGATACACA-L8TX_180221_01_F09,AAACGGGAGATACACA-1L8TX_180221_01_F09,10x,#28758B,329.0,329_L6 CT CTX,#00ADEE,2.0,Glutamatergic,#2D8CB8,33.0,L6 CT CTX,#EB73FF,73,Snap25-IRES2-Cre/wt;Ai14(RCL-tdT)/wt,#3DCCCC,2,M,#FFDE17,19,ACA,#28758B,329.0,CS1910300329,#28758B,329.0,329_L6 CT CTX,#28758B,329.0,,#28758B,329.0,Neuron329,NP_L6CT_L6b,7.0,#5959AD,#BE73FF,445,371230,#4C2E99,6,RFP-positive,#FF7373,1,,#FF7373,1,,#FF7373,1,,#FF7373,1,,All,False,
AAACGGGAGGAGCGTT-L8TX_180221_01_F09,AAACGGGAGGAGCGTT-1L8TX_180221_01_F09,10x,#28758B,329.0,329_L6 CT CTX,#00ADEE,2.0,Glutamatergic,#2D8CB8,33.0,L6 CT CTX,#EB73FF,73,Snap25-IRES2-Cre/wt;Ai14(RCL-tdT)/wt,#3DCCCC,2,M,#FFDE17,19,ACA,#28758B,329.0,CS1910300329,#28758B,329.0,329_L6 CT CTX,#28758B,329.0,,#28758B,329.0,Neuron329,NP_L6CT_L6b,7.0,#5959AD,#BE73FF,445,371230,#4C2E99,6,RFP-positive,#FF7373,1,,#FF7373,1,,#FF7373,1,,#FF7373,1,,All,False,
AAACGGGAGTACACCT-L8TX_180221_01_F09,AAACGGGAGTACACCT-1L8TX_180221_01_F09,10x,#2F93D8,330.0,330_L6 CT CTX,#00ADEE,2.0,Glutamatergic,#2D8CB8,33.0,L6 CT CTX,#EB73FF,73,Snap25-IRES2-Cre/wt;Ai14(RCL-tdT)/wt,#3DCCCC,2,M,#FFDE17,19,ACA,#2F93D8,330.0,CS1910300330,#2F93D8,330.0,330_L6 CT CTX,#2F93D8,330.0,,#2F93D8,330.0,Neuron330,NP_L6CT_L6b,7.0,#5959AD,#BE73FF,445,371230,#4C2E99,6,RFP-positive,#FF7373,1,,#FF7373,1,,#FF7373,1,,#FF7373,1,,All,False,
AAACGGGAGTAGTGCG-L8TX_180221_01_F09,AAACGGGAGTAGTGCG-1L8TX_180221_01_F09,10x,#296B98,323.0,323_L6 CT CTX,#00ADEE,2.0,Glutamatergic,#2D8CB8,33.0,L6 CT CTX,#EB73FF,73,Snap25-IRES2-Cre/wt;Ai14(RCL-tdT)/wt,#3DCCCC,2,M,#FFDE17,19,ACA,#296B98,323.0,CS1910300323,#296B98,323.0,323_L6 CT CTX,#296B98,323.0,,#296B98,323.0,Neuron323,NP_L6CT_L6b,7.0,#5959AD,#BE73FF,445,371230,#4C2E99,6,RFP-positive,#FF7373,1,,#FF7373,1,,#FF7373,1,,#FF7373,1,,All,False,
AAACGGGCACAGGAGT-L8TX_180221_01_F09,AAACGGGCACAGGAGT-1L8TX_180221_01_F09,10x,#02F970,183.0,183_L2/3 IT CTX,#00ADEE,2.0,Glutamatergic,#0BE652,15.0,L2/3 IT CTX-1,#EB73FF,73,Snap25-IRES2-Cre/wt;Ai14(RCL-tdT)/wt,#3DCCCC,2,M,#FFDE17,19,ACA,#02F970,183.0,CS1910300183,#02F970,183.0,183_L2/3 IT CTX,#02F970,183.0,,#02F970,183.0,Neuron183,L2_3_IT,3.0,#2EBF5E,#BE73FF,445,371230,#4C2E99,6,RFP-positive,#FF7373,1,,#FF7373,1,,#FF7373,1,,#FF7373,1,,All,False,
AAACGGGCACGAGAGT-L8TX_180221_01_F09,AAACGGGCACGAGAGT-1L8TX_180221_01_F09,10x,#8D8C20,224.0,224_L6 IT CTX,#00ADEE,2.0,Glutamatergic,#A19922,20.0,L6 IT CTX,#EB73FF,73,Snap25-IRES2-Cre/wt;Ai14(RCL-tdT)/wt,#3DCCCC,2,M,#FFDE17,19,ACA,#8D8C20,224.0,CS1910300224,#8D8C20,224.0,224_L6 IT CTX,#8D8C20,224.0,,#8D8C20,224.0,Neuron224,L4_5_6_IT_Car3,4.0,#58D2CF,#BE73FF,445,371230,#4C2E99,6,RFP-positive,#FF7373,1,,#FF7373,1,,#FF7373,1,,#FF7373,1,,All,False,
AAACGGGCATTAACCG-L8TX_180221_01_F09,AAACGGGCATTAACCG-1L8TX_180221_01_F09,10x,#613D90,339.0,339_L6b CTX,#00ADEE,2.0,Glutamatergic,#7044AA,35.0,L6b CTX,#EB73FF,73,Snap25-IRES2-Cre/wt;Ai14(RCL-tdT)/wt,#3DCCCC,2,M,#FFDE17,19,ACA,#613D90,339.0,CS1910300339,#613D90,339.0,339_L6b CTX,#613D90,339.0,,#613D90,339.0,Neuron339,NP_L6CT_L6b,7.0,#5959AD,#BE73FF,445,371230,#4C2E99,6,RFP-positive,#FF7373,1,,#FF7373,1,,#FF7373,1,,#FF7373,1,,All,False,
AAACGGGGTCGGCTCA-L8TX_180221_01_F09,AAACGGGGTCGGCTCA-1L8TX_180221_01_F09,10x,#2F93D8,330.0,330_L6 CT CTX,#00ADEE,2.0,Glutamatergic,#2D8CB8,33.0,L6 CT CTX,#EB73FF,73,Snap25-IRES2-Cre/wt;Ai14(RCL-tdT)/wt,#3DCCCC,2,M,#FFDE17,19,ACA,#2F93D8,330.0,CS1910300330,#2F93D8,330.0,330_L6 CT CTX,#2F93D8,330.0,,#2F93D8,330.0,Neuron330,NP_L6CT_L6b,7.0,#5959AD,#BE73FF,445,371230,#4C2E99,6,RFP-positive,#FF7373,1,,#FF7373,1,,#FF7373,1,,#FF7373,1,,All,False,
AAACGGGTCCGTAGGC-L8TX_180221_01_F09,AAACGGGTCCGTAGGC-1L8TX_180221_01_F09,10x,#2C93B2,322.0,322_L6 CT CTX,#00ADEE,2.0,Glutamatergic,#2D8CB8,33.0,L6 CT CTX,#EB73FF,73,Snap25-IRES2-Cre/wt;Ai14(RCL-tdT)/wt,#3DCCCC,2,M,#FFDE17,19,ACA,#2C93B2,322.0,CS1910300322,#2C93B2,322.0,322_L6 CT CTX,#2C93B2,322.0,,#2C93B2,322.0,Neuron322,NP_L6CT_L6b,7.0,#5959AD,#BE73FF,445,371230,#4C2E99,6,RFP-positive,#FF7373,1,,#FF7373,1,,#FF7373,1,,#FF7373,1,,All,False,
AAACGGGTCCTAGGGC-L8TX_180221_01_F09,AAACGGGTCCTAGGGC-1L8TX_180221_01_F09,10x,#B1EC30,186.0,186_L2 IT RSP-ACA,#00ADEE,2.0,Glutamatergic,#B1EC30,16.0,L2/3 IT CTX-2,#EB73FF,73,Snap25-IRES2-Cre/wt;Ai14(RCL-tdT)/wt,#3DCCCC,2,M,#FFDE17,19,ACA,#B1EC30,186.0,CS1910300186,#B1EC30,186.0,186_L2 IT RSP-ACA,#B1EC30,186.0,,#B1EC30,186.0,Neuron186,L2_3_IT,3.0,#2EBF5E,#BE73FF,445,371230,#4C2E99,6,RFP-positive,#FF7373,1,,#FF7373,1,,#FF7373,1,,#FF7373,1,,All,False,
AAAGATGCAACACGCC-L8TX_180221_01_F09,AAAGATGCAACACGCC-1L8TX_180221_01_F09,10x,#09CCC6,197.0,197_L4/5 IT CTX,#00ADEE,2.0,Glutamatergic,#00E5E5,17.0,L4/5 IT CTX,#EB73FF,73,Snap25-IRES2-Cre/wt;Ai14(RCL-tdT)/wt,#3DCCCC,2,M,#FFDE17,19,ACA,#09CCC6,197.0,CS1910300197,#09CCC6,197.0,197_L4/5 IT CTX,#09CCC6,197.0,,#09CCC6,197.0,Neuron197,L4_5_6_IT_Car3,4.0,#58D2CF,#BE73FF,445,371230,#4C2E99,6,RFP-positive,#FF7373,1,,#FF7373,1,,#FF7373,1,,#FF7373,1,,All,False,
AAAGATGCACACCGCA-L8TX_180221_01_F09,AAAGATGCACACCGCA-1L8TX_180221_01_F09,10x,#09CCC6,197.0,197_L4/5 IT CTX,#00ADEE,2.0,Glutamatergic,#00E5E5,17.0,L4/5 IT CTX,#EB73FF,73,Snap25-IRES2-Cre/wt;Ai14(RCL-tdT)/wt,#3DCCCC,2,M,#FFDE17,19,ACA,#09CCC6,197.0,CS1910300197,#09CCC6,197.0,197_L4/5 IT CTX,#09CCC6,197.0,,#09CCC6,197.0,Neuron197,L4_5_6_IT_Car3,4.0,#58D2CF,#BE73FF,445,371230,#4C2E99,6,RFP-positive,#FF7373,1,,#FF7373,1,,#FF7373,1,,#FF7373,1,,All,False,
AAAGATGCAGGGTATG-L8TX_180221_01_F09,AAAGATGCAGGGTATG-1L8TX_180221_01_F09,10x,#AD99FF,301.0,301_CA2-IG-FC,#00ADEE,2.0,Glutamatergic,#AD99FF,29.0,CA2,#EB73FF,73,Snap25-IRES2-Cre/wt;Ai14(RCL-tdT)/wt,#3DCCCC,2,M,#FFDE17,19,ACA,#AD99FF,301.0,CS1910300301,#AD99FF,301.0,301_CA2-IG-FC,#AD99FF,301.0,,#AD99FF,301.0,Neuron301,DG_SUB_CA,6.0,#9AB7E2,#BE73FF,445,371230,#4C2E99,6,RFP-positive,#FF7373,1,,#FF7373,1,,#FF7373,1,,#FF7373,1,,All,False,
AAAGATGCATGCCTAA-L8TX_180221_01_F09,AAAGATGCATGCCTAA-1L8TX_180221_01_F09,10x,#8C5962,7.0,7_Lamp5,#F05A28,1.0,GABAergic,#DA808C,3.0,Lamp5,#EB73FF,73,Snap25-IRES2-Cre/wt;Ai14(RCL-tdT)/wt,#3DCCCC,2,M,#FFDE17,19,ACA,#8C5962,7.0,CS1910300007,#8C5962,7.0,7_Lamp5,#8C5962,7.0,,#8C5962,7.0,Neuron7,CGE,1.0,#CC93C2,#BE73FF,445,371230,#4C2E99,6,RFP-positive,#FF7373,1,,#FF7373,1,,#FF7373,1,,#FF7373,1,,All,False,
AAAGATGGTCAAGCGA-L8TX_180221_01_F09,AAAGATGGTCAAGCGA-1L8TX_180221_01_F09,10x,#28758B,329.0,329_L6 CT CTX,#00ADEE,2.0,Glutamatergic,#2D8CB8,33.0,L6 CT CTX,#EB73FF,73,Snap25-IRES2-Cre/wt;Ai14(RCL-tdT)/wt,#3DCCCC,2,M,#FFDE17,19,ACA,#28758B,329.0,CS1910300329,#28758B,329.0,329_L6 CT CTX,#28758B,329.0,,#28758B,329.0,Neuron329,NP_L6CT_L6b,7.0,#5959AD,#BE73FF,445,371230,#4C2E99,6,RFP-positive,#FF7373,1,,#FF7373,1,,#FF7373,1,,#FF7373,1,,All,False,
AAAGATGGTTTCCACC-L8TX_180221_01_F09,AAAGATGGTTTCCACC-1L8TX_180221_01_F09,10x,#AA5AB3,51.0,51_Vip,#F05A28,1.0,GABAergic,#B864CC,5.0,Vip,#EB73FF,73,Snap25-IRES2-Cre/wt;Ai14(RCL-tdT)/wt,#3DCCCC,2,M,#FFDE17,19,ACA,#AA5AB3,51.0,CS1910300051,#AA5AB3,51.0,51_Vip,#AA5AB3,51.0,,#AA5AB3,51.0,Neuron51,CGE,1.0,#CC93C2,#BE73FF,445,371230,#4C2E99,6,RFP-positive,#FF7373,1,,#FF7373,1,,#FF7373,1,,#FF7373,1,,All,False,
AAAGATGTCACTCCTG-L8TX_180221_01_F09,AAAGATGTCACTCCTG-1L8TX_180221_01_F09,10x,#07C6D9,196.0,196_L4/5 IT CTX,#00ADEE,2.0,Glutamatergic,#00E5E5,17.0,L4/5 IT CTX,#EB73FF,73,Snap25-IRES2-Cre/wt;Ai14(RCL-tdT)/wt,#3DCCCC,2,M,#FFDE17,19,ACA,#07C6D9,196.0,CS1910300196,#07C6D9,196.0,196_L4/5 IT CTX,#07C6D9,196.0,,#07C6D9,196.0,Neuron196,L4_5_6_IT_Car3,4.0,#58D2CF,#BE73FF,445,371230,#4C2E99,6,RFP-positive,#FF7373,1,,#FF7373,1,,#FF7373,1,,#FF7373,1,,All,False,
AAAGATGTCATGTCCC-L8TX_180221_01_F09,AAAGATGTCATGTCCC-1L8TX_180221_01_F09,10x,#28758B,329.0,329_L6 CT CTX,#00ADEE,2.0,Glutamatergic,#2D8CB8,33.0,L6 CT CTX,#EB73FF,73,Snap25-IRES2-Cre/wt;Ai14(RCL-tdT)/wt,#3DCCCC,2,M,#FFDE17,19,ACA,#28758B,329.0,CS1910300329,#28758B,329.0,329_L6 CT CTX,#28758B,329.0,,#28758B,329.0,Neuron329,NP_L6CT_L6b,7.0,#5959AD,#BE73FF,445,371230,#4C2E99,6,RFP-positive,#FF7373,1,,#FF7373,1,,#FF7373,1,,#FF7373,1,,All,False,
AAAGATGTCCGCATCT-L8TX_180221_01_F09,AAAGATGTCCGCATCT-1L8TX_180221_01_F09,10x,#D92D43,114.0,114_Pvalb,#F05A28,1.0,GABAergic,#D93137,8.0,Pvalb,#EB73FF,73,Snap25-IRES2-Cre/wt;Ai14(RCL-tdT)/wt,#3DCCCC,2,M,#FFDE17,19,ACA,#D92D43,114.0,CS1910300114,#D92D43,114.0,114_Pvalb,#D92D43,114.0,,#D92D43,114.0,Neuron114,MGE,2.0,#ED892E,#BE73FF,445,371230,#4C2E99,6,RFP-positive,#FF7373,1,,#FF7373,1,,#FF7373,1,,#FF7373,1,,All,False,
AAAGATGTCCGTCATC-L8TX_180221_01_F09,AAAGATGTCCGTCATC-1L8TX_180221_01_F09,10x,#996068,9.0,9_Lamp5,#F05A28,1.0,GABAergic,#DA808C,3.0,Lamp5,#EB73FF,73,Snap25-IRES2-Cre/wt;Ai14(RCL-tdT)/wt,#3DCCCC,2,M,#FFDE17,19,ACA,#996068,9.0,CS1910300009,#996068,9.0,9_Lamp5,#996068,9.0,,#996068,9.0,Neuron9,CGE,1.0,#CC93C2,#BE73FF,445,371230,#4C2E99,6,RFP-positive,#FF7373,1,,#FF7373,1,,#FF7373,1,,#FF7373,1,,All,False,
AAAGATGTCCTTTCTC-L8TX_180221_01_F09,AAAGATGTCCTTTCTC-1L8TX_180221_01_F09,10x,#30E6BA,131.0,131_L2 IT RSPv,#00ADEE,2.0,Glutamatergic,#2DB38A,10.0,L2/3 IT PPP,#EB73FF,73,Snap25-IRES2-Cre/wt;Ai14(RCL-tdT)/wt,#3DCCCC,2,M,#FFDE17,19,ACA,#30E6BA,131.0,CS1910300131,#30E6BA,131.0,131_L2 IT RSPv,#30E6BA,131.0,,#30E6BA,131.0,Neuron131,L2_3_IT,3.0,#2EBF5E,#BE73FF,445,371230,#4C2E99,6,RFP-positive,#FF7373,1,,#FF7373,1,,#FF7373,1,,#FF7373,1,,All,False,
AAAGATGTCGTGACAT-L8TX_180221_01_F09,AAAGATGTCGTGACAT-1L8TX_180221_01_F09,10x,#8C5962,7.0,7_Lamp5,#F05A28,1.0,GABAergic,#DA808C,3.0,Lamp5,#EB73FF,73,Snap25-IRES2-Cre/wt;Ai14(RCL-tdT)/wt,#3DCCCC,2,M,#FFDE17,19,ACA,#8C5962,7.0,CS1910300007,#8C5962,7.0,7_Lamp5,#8C5962,7.0,,#8C5962,7.0,Neuron7,CGE,1.0,#CC93C2,#BE73FF,445,371230,#4C2E99,6,RFP-positive,#FF7373,1,,#FF7373,1,,#FF7373,1,,#FF7373,1,,All,False,
AAAGATGTCTTTCCTC-L8TX_180221_01_F09,AAAGATGTCTTTCCTC-1L8TX_180221_01_F09,10x,#8D8C20,224.0,224_L6 IT CTX,#00ADEE,2.0,Glutamatergic,#A19922,20.0,L6 IT CTX,#EB73FF,73,Snap25-IRES2-Cre/wt;Ai14(RCL-tdT)/wt,#3DCCCC,2,M,#FFDE17,19,ACA,#8D8C20,224.0,CS1910300224,#8D8C20,224.0,224_L6 IT CTX,#8D8C20,224.0,,#8D8C20,224.0,Neuron224,L4_5_6_IT_Car3,4.0,#58D2CF,#BE73FF,445,371230,#4C2E99,6,RFP-positive,#FF7373,1,,#FF7373,1,,#FF7373,1,,#FF7373,1,,All,False,
AAAGCAAAGGAGCGAG-L8TX_180221_01_F09,AAAGCAAAGGAGCGAG-1L8TX_180221_01_F09,10x,#2E8CCB,327.0,327_L6 CT CTX,#00ADEE,2.0,Glutamatergic,#2D8CB8,33.0,L6 CT CTX,#EB73FF,73,Snap25-IRES2-Cre/wt;Ai14(RCL-tdT)/wt,#3DCCCC,2,M,#FFDE17,19,ACA,#2E8CCB,327.0,CS1910300327,#2E8CCB,327.0,327_L6 CT CTX,#2E8CCB,327.0,,#2E8CCB,327.0,Neuron327,NP_L6CT_L6b,7.0,#5959AD,#BE73FF,445,371230,#4C2E99,6,RFP-positive,#FF7373,1,,#FF7373,1,,#FF7373,1,,#FF7373,1,,All,False,
AAAGCAAAGGAGCGTT-L8TX_180221_01_F09,AAAGCAAAGGAGCGTT-1L8TX_180221_01_F09,10x,#2F93D8,330.0,330_L6 CT CTX,#00ADEE,2.0,Glutamatergic,#2D8CB8,33.0,L6 CT CTX,#EB73FF,73,Snap25-IRES2-Cre/wt;Ai14(RCL-tdT)/wt,#3DCCCC,2,M,#FFDE17,19,ACA,#2F93D8,330.0,CS1910300330,#2F93D8,330.0,330_L6 CT CTX,#2F93D8,330.0,,#2F93D8,330.0,Neuron330,NP_L6CT_L6b,7.0,#5959AD,#BE73FF,445,371230,#4C2E99,6,RFP-positive,#FF7373,1,,#FF7373,1,,#FF7373,1,,#FF7373,1,,All,False,
AAAGCAAAGGCTCATT-L8TX_180221_01_F09,AAAGCAAAGGCTCATT-1L8TX_180221_01_F09,10x,#996068,9.0,9_Lamp5,#F05A28,1.0,GABAergic,#DA808C,3.0,Lamp5,#EB73FF,73,Snap25-IRES2-Cre/wt;Ai14(RCL-tdT)/wt,#3DCCCC,2,M,#FFDE17,19,ACA,#996068,9.0,CS1910300009,#996068,9.0,9_Lamp5,#996068,9.0,,#996068,9.0,Neuron9,CGE,1.0,#CC93C2,#BE73FF,445,371230,#4C2E99,6,RFP-positive,#FF7373,1,,#FF7373,1,,#FF7373,1,,#FF7373,1,,All,False,
AAAGCAACAGCTGCAC-L8TX_180221_01_F09,AAAGCAACAGCTGCAC-1L8TX_180221_01_F09,10x,#02F970,183.0,183_L2/3 IT CTX,#00ADEE,2.0,Glutamatergic,#0BE652,15.0,L2/3 IT CTX-1,#EB73FF,73,Snap25-IRES2-Cre/wt;Ai14(RCL-tdT)/wt,#3DCCCC,2,M,#FFDE17,19,ACA,#02F970,183.0,CS1910300183,#02F970,183.0,183_L2/3 IT CTX,#02F970,183.0,,#02F970,183.0,Neuron183,L2_3_IT,3.0,#2EBF5E,#BE73FF,445,371230,#4C2E99,6,RFP-positive,#FF7373,1,,#FF7373,1,,#FF7373,1,,#FF7373,1,,All,False,
AAAGCAAGTACCCAAT-L8TX_180221_01_F09,AAAGCAAGTACCCAAT-1L8TX_180221_01_F09,10x,#28758B,329.0,329_L6 CT CTX,#00ADEE,2.0,Glutamatergic,#2D8CB8,33.0,L6 CT CTX,#EB73FF,73,Snap25-IRES2-Cre/wt;Ai14(RCL-tdT)/wt,#3DCCCC,2,M,#FFDE17,19,ACA,#28758B,329.0,CS1910300329,#28758B,329.0,329_L6 CT CTX,#28758B,329.0,,#28758B,329.0,Neuron329,NP_L6CT_L6b,7.0,#5959AD,#BE73FF,445,371230,#4C2E99,6,RFP-positive,#FF7373,1,,#FF7373,1,,#FF7373,1,,#FF7373,1,,All,False,
AAAGCAAGTAGGAGTC-L8TX_180221_01_F09,AAAGCAAGTAGGAGTC-1L8TX_180221_01_F09,10x,#8C620E,67.0,67_Sst,#F05A28,1.0,GABAergic,#FF9900,7.0,Sst,#EB73FF,73,Snap25-IRES2-Cre/wt;Ai14(RCL-tdT)/wt,#3DCCCC,2,M,#FFDE17,19,ACA,#8C620E,67.0,CS1910300067,#8C620E,67.0,67_Sst,#8C620E,67.0,,#8C620E,67.0,Neuron67,MGE,2.0,#ED892E,#BE73FF,445,371230,#4C2E99,6,RFP-positive,#FF7373,1,,#FF7373,1,,#FF7373,1,,#FF7373,1,,All,False,
AAAGCAATCCATGCTC-L8TX_180221_01_F09,AAAGCAATCCATGCTC-1L8TX_180221_01_F09,10x,#02F970,183.0,183_L2/3 IT CTX,#00ADEE,2.0,Glutamatergic,#0BE652,15.0,L2/3 IT CTX-1,#EB73FF,73,Snap25-IRES2-Cre/wt;Ai14(RCL-tdT)/wt,#3DCCCC,2,M,#FFDE17,19,ACA,#02F970,183.0,CS1910300183,#02F970,183.0,183_L2/3 IT CTX,#02F970,183.0,,#02F970,183.0,Neuron183,L2_3_IT,3.0,#2EBF5E,#BE73FF,445,371230,#4C2E99,6,RFP-positive,#FF7373,1,,#FF7373,1,,#FF7373,1,,#FF7373,1,,All,False,
AAAGCAATCCGCATAA-L8TX_180221_01_F09,AAAGCAATCCGCATAA-1L8TX_180221_01_F09,10x,#4A9E9E,208.0,208_L5 IT CTX,#00ADEE,2.0,Glutamatergic,#50B2AD,18.0,L5 IT CTX,#EB73FF,73,Snap25-IRES2-Cre/wt;Ai14(RCL-tdT)/wt,#3DCCCC,2,M,#FFDE17,19,ACA,#4A9E9E,208.0,CS1910300208,#4A9E9E,208.0,208_L5 IT CTX,#4A9E9E,208.0,,#4A9E9E,208.0,Neuron208,L4_5_6_IT_Car3,4.0,#58D2CF,#BE73FF,445,371230,#4C2E99,6,RFP-positive,#FF7373,1,,#FF7373,1,,#FF7373,1,,#FF7373,1,,All,False,
AAAGCAATCGCAAACT-L8TX_180221_01_F09,AAAGCAATCGCAAACT-1L8TX_180221_01_F09,10x,#296B98,323.0,323_L6 CT CTX,#00ADEE,2.0,Glutamatergic,#2D8CB8,33.0,L6 CT CTX,#EB73FF,73,Snap25-IRES2-Cre/wt;Ai14(RCL-tdT)/wt,#3DCCCC,2,M,#FFDE17,19,ACA,#296B98,323.0,CS1910300323,#296B98,323.0,323_L6 CT CTX,#296B98,323.0,,#296B98,323.0,Neuron323,NP_L6CT_L6b,7.0,#5959AD,#BE73FF,445,371230,#4C2E99,6,RFP-positive,#FF7373,1,,#FF7373,1,,#FF7373,1,,#FF7373,1,,All,False,
AAAGCAATCTATCCCG-L8TX_180221_01_F09,AAAGCAATCTATCCCG-1L8TX_180221_01_F09,10x,#2F93D8,330.0,330_L6 CT CTX,#00ADEE,2.0,Glutamatergic,#2D8CB8,33.0,L6 CT CTX,#EB73FF,73,Snap25-IRES2-Cre/wt;Ai14(RCL-tdT)/wt,#3DCCCC,2,M,#FFDE17,19,ACA,#2F93D8,330.0,CS1910300330,#2F93D8,330.0,330_L6 CT CTX,#2F93D8,330.0,,#2F93D8,330.0,Neuron330,NP_L6CT_L6b,7.0,#5959AD,#BE73FF,445,371230,#4C2E99,6,RFP-positive,#FF7373,1,,#FF7373,1,,#FF7373,1,,#FF7373,1,,All,False,
AAAGCAATCTGTCAAG-L8TX_180221_01_F09,AAAGCAATCTGTCAAG-1L8TX_180221_01_F09,10x,#30E6BA,131.0,131_L2 IT RSPv,#00ADEE,2.0,Glutamatergic,#2DB38A,10.0,L2/3 IT PPP,#EB73FF,73,Snap25-IRES2-Cre/wt;Ai14(RCL-tdT)/wt,#3DCCCC,2,M,#FFDE17,19,ACA,#30E6BA,131.0,CS1910300131,#30E6BA,131.0,131_L2 IT RSPv,#30E6BA,131.0,,#30E6BA,131.0,Neuron131,L2_3_IT,3.0,#2EBF5E,#BE73FF,445,371230,#4C2E99,6,RFP-positive,#FF7373,1,,#FF7373,1,,#FF7373,1,,#FF7373,1,,All,False,
AAAGTAGAGCTAAACA-L8TX_180221_01_F09,AAAGTAGAGCTAAACA-1L8TX_180221_01_F09,10x,#996068,9.0,9_Lamp5,#F05A28,1.0,GABAergic,#DA808C,3.0,Lamp5,#EB73FF,73,Snap25-IRES2-Cre/wt;Ai14(RCL-tdT)/wt,#3DCCCC,2,M,#FFDE17,19,ACA,#996068,9.0,CS1910300009,#996068,9.0,9_Lamp5,#996068,9.0,,#996068,9.0,Neuron9,CGE,1.0,#CC93C2,#BE73FF,445,371230,#4C2E99,6,RFP-positive,#FF7373,1,,#FF7373,1,,#FF7373,1,,#FF7373,1,,All,False,
AAAGTAGAGGATGTAT-L8TX_180221_01_F09,AAAGTAGAGGATGTAT-1L8TX_180221_01_F09,10x,#2E8CCB,327.0,327_L6 CT CTX,#00ADEE,2.0,Glutamatergic,#2D8CB8,33.0,L6 CT CTX,#EB73FF,73,Snap25-IRES2-Cre/wt;Ai14(RCL-tdT)/wt,#3DCCCC,2,M,#FFDE17,19,ACA,#2E8CCB,327.0,CS1910300327,#2E8CCB,327.0,327_L6 CT CTX,#2E8CCB,327.0,,#2E8CCB,327.0,Neuron327,NP_L6CT_L6b,7.0,#5959AD,#BE73FF,445,371230,#4C2E99,6,RFP-positive,#FF7373,1,,#FF7373,1,,#FF7373,1,,#FF7373,1,,All,False,
